http://syskall.com/project-idea-ajax-without-writing-a-single-li/index.html/,http://syskall.com/project-idea-ajax-without-writing-a-single-li/index.html
http://syskall.com/who-am-i-and-what-you-can-expect-to-find-here/index.html/,http://syskall.com/who-am-i-and-what-you-can-expect-to-find-here/index.html
http://syskall.com/project-idea-tldr-browser-add-on/index.html/,http://syskall.com/project-idea-tldr-browser-add-on/index.html
http://syskall.com/why-we-should-eradicate-agnosticism-from-the/index.html/,http://syskall.com/why-we-should-eradicate-agnosticism-from-the/index.html
http://syskall.com/hn-crunch-greasemonkey-script-for-hacker-news/index.html/,http://syskall.com/hn-crunch-greasemonkey-script-for-hacker-news/index.html
http://syskall.com/multivac-the-line-tracking-robot/index.html/,http://syskall.com/multivac-the-line-tracking-robot/index.html
http://syskall.com/twttr-and-the-benefit-of-hindsight/index.html/,http://syskall.com/twttr-and-the-benefit-of-hindsight/index.html
http://syskall.com/how-to-roll-out-your-own-javascript-api-with/index.html/,http://syskall.com/how-to-roll-out-your-own-javascript-api-with/index.html
http://syskall.com/minimalist-shell-in-c-for-educational-purpose/index.html/,http://syskall.com/minimalist-shell-in-c-for-educational-purpose/index.html
http://syskall.com/resizing-a-vdi-in-virtualbox-3-in-one-command/index.html/,http://syskall.com/resizing-a-vdi-in-virtualbox-3-in-one-command/index.html
http://syskall.com/how-to-write-your-own-native-nodejs-extension/index.html/,http://syskall.com/how-to-write-your-own-native-nodejs-extension/index.html
http://syskall.com/adding-googles-1-plus-one-button-to-your-post/index.html/,http://syskall.com/adding-googles-1-plus-one-button-to-your-post/index.html
http://syskall.com/first-startup-tuesdays-in-shenzhen-a-success/index.html/,http://syskall.com/first-startup-tuesdays-in-shenzhen-a-success/index.html
http://syskall.com/yc-w12-startups-hosting-decisions/index.html/,http://syskall.com/yc-w12-startups-hosting-decisions/index.html
http://syskall.com/trouble-installing-imagemagick-on-os-x-1072/index.html/,http://syskall.com/trouble-installing-imagemagick-on-os-x-1072/index.html
http://syskall.com/some-crazy-and-not-so-crazy-startup-and-proje/index.html/,http://syskall.com/some-crazy-and-not-so-crazy-startup-and-proje/index.html

